"pathway","pval","padj","log2err","ES","NES","size","leadingEdge","source"
"ESC_V6.5_UP_EARLY.V1_DN",1.18009880944575e-21,5.39305155916709e-19,1.20397524075264,0.547852073144698,3.34257275493152,130,"ACTA1;CCDC80;COL4A1;INHBA;COL4A2;TGFB1I1;COL3A1;COL1A1;FGF2;CAV1;NID1;SERPINE1;PMP22;FAP;TUBB6;COL1A2;SCARA3;CAVIN1;AEBP1;C3orf70;CAVIN2;PCOLCE;LOXL1;BGN;COL16A1;LOX;CAMK4;CSRP1;TIMP2;TSHZ2;MRAS;SERPINF1;HTRA1;TAGLN;GSN;SOCS3;BMP4;CALD1;AXL;C16orf89;MGP;IGFBP3;S100A4;CDC42EP1;EMP1;KIT;FBLN2;IGFBP7;S100A6;SMARCD3","C6_ONCO"
"LEF1_UP.V1_UP",1.36812717838808e-19,4.64917679363519e-17,1.14219120216838,0.481348302949122,3.06061955592656,159,"FHL1;MAP1B;FLNC;IGFBP6;ADAMTS8;CAVIN3;AKAP12;SERPINE1;NES;FN1;TMOD1;COL6A1;LOXL1;PCSK5;TMEM47;L1CAM;MFAP2;RBP1;ZFPM2;FOXF2;HBA2;DCLK1;PDLIM4;LTBP2;MAOB;MYL9;TMEM158;LGALS1;EMP3;PLTP;AXL;SLC2A3;S100A4;EMP1;ANO1;TGM2;IGFBP7;TRPV2;GNAL;S100A3;VIM;HOXB2;PLEKHO1;PTGDS;ADAM19;PHLDA3;RYR1;FBXO17;MSN;SLC43A3","C6_ONCO"
"CAHOY_ASTROGLIAL",3.15454207496879e-16,6.96785768659356e-14,1.03769615548758,0.577641263083117,3.2229566346439,80,"ITGBL1;FBLN5;OGN;COL5A1;CALHM5;CNN1;COL8A1;SERPINE1;OMD;MXRA8;C1QTNF1;AEBP1;ACTA2;LOXL2;LOX;NOX4;SERPING1;C3;DYSF;LTBP2;TAGLN;SLC24A3;EMP3;SEMA3B;BST2;IGFBP3;GNA14;TIMP1;PCDH17;TNFRSF12A;CP;MSN","C6_ONCO"
"AKT_UP.V1_DN",1.17173404915089e-13,1.73537513177472e-11,0.943632225232838,0.40859498556522,2.6093008414935,163,"MYOC;NCAM1;ITGBL1;FXYD1;CSDC2;DPT;PTGIS;OGN;SFRP2;ZEB1;ITIH5;FHOD3;TNNC2;CAP2;NID1;SLIT3;ISLR;PDGFRA;CD248;SH3BGR;SCARA3;PDLIM3;PPP1R3C;C1R;C1S;HIC1;S1PR3;SYPL2;EFEMP1;EFEMP2;PDLIM4;ACKR3;HTRA1;PLPP3;TIMP3;CAV2;MATN2;PLTP;TCF21;GNA14;PROM1;TSPAN4;TNS2;SMARCD3;KLF2;GALNT16;IFFO1;RECK;CNN2;GAS1","C6_ONCO"
"MTOR_UP.V1_DN",1.17628733752478e-13,1.73537513177472e-11,0.943632225232838,0.412327777514784,2.62175736692454,159,"MYOC;NCAM1;WFDC1;PPP1R14A;FXYD1;CSDC2;PTGIS;ADAMTS8;AOC3;ITIH5;TNNC2;SLC2A4;ISL1;SLIT3;MOXD1;SH3BGR;SCARA3;PDLIM3;MYH11;CHRD;PPP1R3C;LTBP1;OLFML3;MFAP2;C1R;RBP1;S1PR3;RFTN2;EFEMP2;ACKR3;HTRA1;C1QTNF4;PLTP;SLC12A4;TSPAN4;TNS2;QPRT;SMARCD3;KLF2;IGF1;ARTN","C6_ONCO"
"BMI1_DN.V1_UP",6.23629433067712e-12,6.27517761433613e-10,0.887074988399873,0.428492006788382,2.59293799990449,125,"GREM1;CSPG4;NRP2;MFAP5;INHBA;ITGA5;MFGE8;CHST3;NT5E;FGFR1;FAP;PAPPA;TNFAIP6;GFPT2;ACTA2;COL16A1;BDKRB2;BST1;SRPX2;LIF;ACKR3;PTHLH;TAGLN;TIMP3;BMP4;LTBP4;SEMA3G;TGFB2;LHFPL2;P3H3;GDF5;CRISPLD2;TEK;SLC29A1;DKK1;CSF1;TMEM51;IGKC;COL13A1;TIE1;FJX1;ASPH;C3AR1","C6_ONCO"
"KRAS.KIDNEY_UP.V1_UP",5.12789892434715e-11,4.53066962962485e-09,0.851339057116899,0.448598941869041,2.65327606895654,104,"ITGBL1;SORBS1;PCP4;ATP1A2;CRYAB;RCAN2;PLP1;KCNJ8;TRIM9;VIPR2;NRXN1;TMOD1;PCDH9;SFRP1;SPARCL1;ALDH1A1;ANK2;LMO3;PMP2;GPM6A;MEF2C;PLSCR4;PLCL1;DYNC1I1;ASPA;NDN;SCG5;A2M;ZNF536;PNMA2;EMP1;KIT;PEG3;TCEAL2;SCN1B;PECAM1;TMEM100;CP;CCND2;TRIL;KCNA5;ETV1;DNM3","C6_ONCO"
"KRAS.600.LUNG.BREAST_UP.V1_UP",9.52254603198545e-11,7.69526235133556e-09,0.839088935621274,0.361224931720474,2.31167225682669,165,"MYOC;NCAM1;LDB3;PTGIS;INHBA;SLIT2;AKAP12;TFPI;SEMA3A;ADGRA2;PRRX1;IL13RA2;KCNH2;RNASE1;HIC1;SOX10;PDE2A;GYPC;LIF;NAV3;TMEM158;SAMD14;SPHK1;SEMA3B;DYNC1I1;IGFBP3;SCG5;A2M;CLDN5;MGLL;ANO1;IL1B;CCR10;FLT4;IL1RL1;HSD11B1;LAMC3;ADAM19;GPR4;PLVAP;LY96;CMKLR1;TMEM176B;KCNK15;COL9A3;KCNA5;GNG11;CCDC181;NTRK1;NGF","C6_ONCO"
"ATF2_S_UP.V1_DN",1.05595095428901e-10,8.37995089652228e-09,0.839088935621274,0.373394535186436,2.35387245386014,154,"COMP;ITGBL1;PLN;PTGIS;SORBS1;ITIH5;SFRP4;SVEP1;SLIT3;ADH1B;MN1;DES;CRLF1;TNFAIP6;PDLIM3;ROR1;COL16A1;LAMA2;FGF7;PID1;SERPING1;EFEMP1;ABCA8;ADAM22;CCL11;CYP1B1;RGS5;COL15A1;PLSCR4;TCF21;PTGER2;A2M;SDC3;NDUFA4L2;PNMA2;FBLN2;GPRASP1;IL33;ITPR1;ENO2;SGCG;CELF2;GAS1;OSMR;ID3;TMEM176A;VCAM1;CCL2;LTBP3;KCTD12","C6_ONCO"
"BMI1_DN_MEL18_DN.V1_UP",1.94955965419459e-10,1.47642937697377e-08,0.826657301178302,0.405358708663352,2.42765109730485,119,"GREM1;CSPG4;NRP2;INHBA;ITGA5;KCNN3;CHST3;NT5E;FAP;PAPPA;TNFAIP6;GFPT2;COL16A1;BST1;ZEB2;LIF;RUSC2;PTHLH;TAGLN;TIMP3;GAB2;MGLL;TGFB2;NAV2;LHFPL2;PLEKHO1;ADAM19;GDF5;PIM1;SLC6A9;CRISPLD2;TEK;KLF7;CSF1;TMEM51;CDH13;FOSL1;COL13A1;CDC42EP2;APBB2;ARL4A;FJX1;ASPH;GADD45A;C3AR1","C6_ONCO"
"ATF2_UP.V1_DN",3.03891756840918e-10,2.22512566486889e-08,0.814035837847908,0.369114965024549,2.33262843911323,155,"COMP;ITGBL1;PLN;SCRG1;PTGIS;MYH3;ITIH5;SFRP4;SVEP1;FRY;SLIT3;MN1;EDNRA;MFAP4;CRLF1;PDLIM3;ROR1;FGF7;PID1;EFEMP1;ABCA8;CCL11;EDIL3;CYP1B1;SLC24A3;CFH;PLSCR4;TCF21;REV3L;SDC3;NDUFA4L2;PNMA2;FBLN2;CXCL12;S100A3;IL33;SGCG;HOXB2;CELF2;PIM1;DEPP1;PDPN;CD200;GAS1;PTX3;VCAM1;PLA2G4A;CCL2;CYBRD1;KCTD12","C6_ONCO"
"P53_DN.V1_DN",1.28804572933529e-09,8.45072774796067e-08,0.788186810800237,0.351897388126702,2.25620008889284,161,"NRP2;S100B;CDH19;FBLN5;CRYAB;GFRA1;NID1;S100A1;KCNJ8;BCHE;ACTA2;L1CAM;MITF;ALDH1A1;SOX10;CTSK;GAS7;NAV3;ADRA2C;MAL;VCAN;SOCS3;STOM;ECM1;MYOM2;ZNF516;NDN;MGLL;GSDME;SPART;IGFBP7;NR4A3;TNS2;SLC16A4;CFI;VIM;THBD;HOXB2;IFFO1;CPVL;PDE1A;LY96;PLA2G4A;CDKN1A;RENBP;ADAM23;HSPA2;SRGN","C6_ONCO"
"CORDENONSI_YAP_CONSERVED_SIGNATURE",1.58422340777433e-09,1.02418111332845e-07,0.788186810800237,0.563038601617111,2.85047376920754,51,"FGF2;SLIT2;SERPINE1;PMP22;TNS1;CAVIN2;GAS6;COL4A3;LHFPL6;FLNA;ETV5;AXL;DLC1;THBS1;TGFB2;TGM2;AMOTL2;PDLIM2;GADD45B;BICC1;CRIM1;ASAP1;FSCN1;DAB2","C6_ONCO"
"MEL18_DN.V1_UP",2.33885403651459e-09,1.43503854379295e-07,0.774939030136436,0.39297969387884,2.37915004190822,124,"GREM1;CSPG4;NRP2;INHBA;ITGA5;KCNN3;CHST3;NT5E;FAP;HS3ST3A1;PAPPA;TNFAIP6;GFPT2;COL16A1;BDKRB2;SRPX2;LIF;PTHLH;ECM1;TGFBR3;LTBP4;TGFB2;MEOX1;LHFPL2;P3H3;ADAM19;GDF5;SLC6A9;CRISPLD2;TEK;SLC29A1;CSF1;TMEM51;STEAP3;CDH13;FOSL1;COL13A1;TIE1;FJX1;ASPH;TYRO3;C3AR1;CHST2;ADGRE5;GNB3;FADS3","C6_ONCO"
"PTEN_DN.V2_UP",8.02617944226725e-09,4.34535395616044e-07,0.747739663149885,0.414025245139317,2.42225956031713,100,"HSPB7;CHRDL1;HSPB8;DNAJB5;BNC2;SLC2A4;SH3BGR;LOXL2;NID2;GPM6A;NAV3;PLPP3;VAMP5;ALDH1A2;THBS4;LPAR1;SAMD4A;DENND2A;GNA14;EMP1;IL1B;NNAT;PTGDS;MIR22HG;SERPINA5;AGPAT4;ZMAT3;CSF1;IL32;NAALAD2;FYB1;COL13A1","C6_ONCO"
"CSR_LATE_UP.V1_DN",2.46410691197626e-08,1.19185433957742e-06,0.73376198835648,0.357748063124216,2.19020986808719,135,"MRGPRF;PDE5A;GFRA1;RCAN2;SVEP1;TNXB;MAMDC2;TCEAL7;SGIP1;CAVIN2;COL8A2;TMEM119;L1CAM;GAS6;DAAM2;GYPC;PAMR1;ANGPTL2;VAMP5;CCL11;GSN;CFH;DENND2A;OLFML2A;GLT8D2;STARD4;ACVRL1;IL1B;KIT;QPRT;ABCA6;PRRT2;ANKRD29;GAS1;TSKU;CCL2;FADS2;LPIN1;FADS1;NYNRIN;PGF;CLEC3B;ME1;NBEA;CDC42EP2;MAMLD1;IGDCC4;GLI3;CHST2;RASSF2","C6_ONCO"
"TGFB_UP.V1_UP",2.78809389860551e-08,1.32915857691434e-06,0.73376198835648,0.335626337325794,2.13074562460765,158,"CRYAB;SMTN;ITGA5;CHST3;AKAP12;NFATC4;RRAD;PMP22;JAM2;FERMT2;DACT1;FAT4;COL16A1;FOXF2;CKMT2;LIF;PDLIM4;RUSC2;ADAM22;LTBP2;TAGLN;HRH1;SPHK1;DLC1;PHLDB1;S100A3;FLT4;IL1RL1;SPSB1;GADD45B;PPP2R2B;CST6;KLF7;LYPD1;ID3;RHOB;IL11;KLF10;SKAP1;SNAI1;NGF;CD163;HYAL1;CSF1R;MLXIP;CDKN2B;STC1;ELK3;JUNB;EPHA4","C6_ONCO"
"PTEN_DN.V1_UP",6.84952142366971e-08,3.02931337448281e-06,0.704975715167238,0.359908700860137,2.15545573315487,119,"RASL12;MYOT;GNAO1;PLCE1;NFASC;NR2F1;AQP1;KCNQ4;JAM3;TNNT3;SLC16A7;GJC2;DOK5;PGR;ASPN;TSPAN2;ADRA2C;MAL;TCF7L1;NREP;COL15A1;TGFBR3;GLT8D2;IL33;NAP1L3;HOXB2;LAMC3;CPVL;UCHL1;MSC;LYPD1;VCAM1;ACSS3;TUBB2B;CYB5R2;MMRN2;NYNRIN","C6_ONCO"
"BMI1_DN_MEL18_DN.V1_DN",1.91032591411923e-07,7.51262591686119e-06,0.690132458796796,0.353298151371056,2.12431506584266,121,"PCP4;COL14A1;ITGA7;PDE3A;PDE5A;UNC5C;CLIP3;CRLF1;TMOD1;SSPN;PDE7B;LMO3;ZNF423;DOK5;CXCL14;GPX3;GAS7;EYA4;MAOB;LEPR;C1orf54;EFHD1;BST2;REEP2;MXRA5;A2M;S100A4;CH25H;PROM1;PEG3;SLC16A4;TCEAL2;CYTL1;DPYD;AK1;IFI27;PNMA8A;TMEM176B;TMEM176A;COL9A3","C6_ONCO"
"KRAS.600_UP.V1_UP",2.18516798305267e-07,8.49267779454458e-06,0.690132458796796,0.308026661995852,1.97576320690345,170,"ITGBL1;LDB3;PCP4;INHBA;ATP1A2;ZEB1;FABP3;RCAN2;TFPI;SEMA3A;KCNJ8;ADGRA2;C1QTNF1;IL13RA2;PCDH9;KCNH2;RNASE1;LMO3;PDE2A;NAV3;TMEM158;ETV5;LPAR1;MMP17;DYNC1I1;REEP2;SCG5;A2M;MMP11;PNMA2;EMP1;ANO1;TGM2;KIT;PEG3;FLT4;IL1RL1;HSD11B1;ADAM19;SCN1B;GPR4;PTX3;CMKLR1;SYNE3;KCNA5;ETV1;CCNJL;DNM3;GNG11","C6_ONCO"
"RB_P107_DN.V1_UP",1.08927204958668e-06,3.53826531205202e-05,0.643551836150722,0.347221642044275,2.06900517773291,113,"MRGPRF;FBLN5;COL1A1;COL5A1;RBPMS2;CDH2;FBN1;MFGE8;CDH11;SLIT3;CD248;COL1A2;ACTG2;TMEM119;PCOLCE;COL6A1;LOXL1;BGN;COL16A1;COL6A2;SNCG;SRPX2;SERPINF1;TAGLN;S100A4;FBLN2;TRPV2;CDKN1C;BICC1;FKBP10;TEK;LYPD1","C6_ONCO"
"MEL18_DN.V1_DN",1.29133101053307e-06,4.10407910853592e-05,0.643551836150722,0.335479759104496,2.02033507447368,123,"PLN;SULF1;PCP4;COL14A1;PDE5A;UNC5C;DMD;CLIP3;TMOD1;PDE7B;PID1;DOK5;CXCL14;GAS7;EYA4;MAOB;EPHA3;ZCCHC24;DIO2;C1orf54;EFHD1;PLEKHA4;BST2;A2M;PROM1;PEG3;SLC16A4;TCEAL2;DPYD;SH3BGRL;AK1;IFI27;PNMA8A;TMEM176B;TMEM176A;COL9A3;EGR1;LY6E;ID4;SNCAIP;RGS2;MAF;MVP;FOS","C6_ONCO"
"IL15_UP.V1_DN",2.25591260779097e-06,6.88885018227044e-05,0.627256739718528,0.346585231405535,2.0631154505499,110,"ACTN2;PRKG1;RASL12;TGFB1I1;EYA1;TMEM35A;LYVE1;MYLK;ADAMTS2;DACT1;FZD2;CNTN1;FSTL3;GEM;CLDN11;PLCL1;JCAD;MYH7B;ADGRL4;OSR2;GDNF;CST2;PROM1;S100A3;MEOX1;SPAG4;CDKN1C;PTGDS;SERPINA5;VWF;KCND1;MMP19;SNAI2;C14orf132;CYB5R2;SOX15","C6_ONCO"
"KRAS.600.LUNG.BREAST_UP.V1_DN",3.17859999274878e-06,9.23815475962711e-05,0.627256739718528,0.300140630773315,1.90246715666743,157,"CKM;KCNMB1;DPT;P2RX1;PDE3A;CRYAB;CD248;TRIM9;MYOM1;MXRA8;COL5A2;COL5A3;HEPH;RARRES2;DAAM2;SERPING1;CXCL14;SYNDIG1;ACKR3;SCN7A;MYL9;KCNB1;NAALADL1;OLFML2A;MYOM2;CACNA2D3;GDNF;PROM1;PLXND1;CYP21A2;RYR1;GBP2;SLC6A9;ELMO1;GAS1;CNTLN;BDKRB1;NLGN4Y","C6_ONCO"
"PRC2_EZH2_UP.V1_UP",3.17859999274878e-06,9.23815475962711e-05,0.627256739718528,0.299928591829109,1.90112312961502,157,"RASL12;AHNAK2;TMEM35A;BHMT2;DMD;SEMA3A;NES;IL13RA2;HS3ST3A1;PCDH9;TNFAIP6;GFPT2;NOVA1;COL10A1;L1CAM;GPM6B;SRPX2;PAMR1;ANGPTL2;ASPN;PTHLH;FXYD6;ALDH1A2;SLC2A3;ADGRL4;SHISAL1;SETBP1;IL33;IL1RL1;TMEM100;VWA5A;PTPRB;CORO2B;ETV1;CCNJL;PPFIA4;KCTD12;RGS16;ART3;CDH13;COL13A1;EPHB2;DUSP8","C6_ONCO"
"KRAS.600_UP.V1_DN",3.51321628210931e-06,9.884354576979e-05,0.627256739718528,0.306515127843925,1.92165135977708,150,"CKM;KCNMB1;CSDC2;DPT;CSPG4;P2RX1;HSPB8;SYNPO;RRAD;CD248;ACTG2;CNTFR;MXRA8;PODNL1;SERPING1;CXCL14;ACKR3;SCN7A;MYL9;EDIL3;TAGLN;C1QL1;NAALADL1;MATN2;ADAMTS9;OLFML2A;NRXN3;BST2;MYOM2;FOLR2;RYR2;TGFB2;CAMK1D;THBD","C6_ONCO"
"PTEN_DN.V1_DN",4.18476116927002e-06,0.0001134164412604,0.610526878385931,0.342283680205893,2.01998443091428,103,"FST;CAND2;NEB;CDH11;ITIH3;C1QTNF1;RFTN1;HEYL;GPM6A;SERPINE2;EMP3;ETV5;MATN3;LUM;CAMK1D;ABCA6;VIM;IL1RL1;SH3BGRL;HAAO;FBXO17;PROX1;SGCE;ANKRD53;GNG11;RARRES1;FOSL1;NRN1;MAMLD1;KCNIP1;FJX1;HMGN5;ACOX2;SUGCT;ADGRE5;HLA-DPA1;HLA-DRB1;RSPH14;CDO1;ASIP;HLA-DRA;ATP8B3;P2RY14;HLA-DPB1","C6_ONCO"
"CYCLIN_D1_KE_.V1_DN",1.63987789114435e-05,0.00037797046419715,0.575610261071129,0.301219061526321,1.84776494204692,134,"ACTC1;ACTN2;PCP4;COL3A1;EYA1;CAV1;PGM5;ADH1B;KCNJ8;TNNT3;PTH1R;GNAZ;ALDH1A1;CAMK4;GYPC;CPA3;ACKR3;DNAJB4;TUBA1A;DIO2;CRMP1;NELL1;ANGPT1;A2M","C6_ONCO"
"JNK_DN.V1_DN",1.72136148384933e-05,0.000393331099059573,0.575610261071129,0.299901380502598,1.83968190510996,134,"NRP2;MAP1B;THY1;RCAN2;SVEP1;KCNJ8;MMP2;PCDH9;NOVA1;SOX10;DAAM2;SERPING1;EFNA5;TSPAN2;MYL9;CCL11;SEMA3B;NPR1;ACVRL1;TNS2;SMARCD3;RAB40A;CABP1;SGCG;PTP4A3;QSOX1;NRGN;DEPP1;RARA;TRO;GJA4;SLC49A3;RGS16;COL13A1;CDC42EP2;DUSP8;TNIK;MBNL2","C6_ONCO"
"CTIP_DN.V1_UP",2.48468140992347e-05,0.000538063443230648,0.575610261071129,0.378864181761987,2.05704285476564,67,"ACTA1;S100A1;COL1A2;MYOM1;ADAMTS2;COPZ2;OLFML2B;PTH1R;PDGFRL;COCH;ASPA;FAM153A;SLC16A4;CD34;RND2;TEK;SLC35G2;PNMT;KCNA5;ALPK3;SNAI1;CLEC3B;HDAC9;BCAN;OXCT2;ROM1","C6_ONCO"
"JAK2_DN.V1_UP",2.50963038029613e-05,0.000541695951629716,0.575610261071129,0.356401041807178,2.03269674060207,87,"CSPG4;PDZRN4;ZEB1;ZFHX4;DMD;CDH11;CPED1;COL6A3;SLC8A1;CCL21;JAM2;GFPT2;CNKSR2;ACTA2;ATRNL1;EPHA3;CYP1B1;NAV2;PTN;MEOX1;LILRB5;LARGE1;CDH5;SLC22A17;FLT3LG;SOX17;PXDC1;AKAP6;PIPOX;COL4A6;KITLG","C6_ONCO"
"SNF5_DN.V1_DN",3.05493007816486e-05,0.000639604870867598,0.557332238758646,0.309033490638198,1.84325425737763,117,"PCOLCE2;LMOD1;KCNAB1;ITGA7;MYH3;ESR1;SPEG;NNMT;RCAN2;RRAD;DES;TINAGL1;C1QTNF1;MYLK;IL13RA2;FRZB;PAPPA;CNTN1;EFEMP1;GPX3;KIRREL1;DIO2;RGS5;CRMP1;NPR1;GDNF;FLT4;UCHL1;CP;TRO;FBLIM1;TMEM176B;TMEM176A;IL11;IL3RA;RGS16;CD99L2","C6_ONCO"
"JNK_DN.V1_UP",3.63925959648499e-05,0.000736352785224665,0.557332238758646,0.299396246596132,1.82668604511545,130,"TNNC1;ELN;KCNN3;CLIP3;RRAD;MYOM1;IL13RA2;ECM2;GNAZ;NID2;C1S;SYNE1;TBX2;MRAS;ACKR3;EPHA3;MMP17;EFHD1;CRMP1;IGFBP3;SHC3;RGL1;SLC16A2;PECAM1;TEK;SNAI2;CACNA1H;SKAP1;PPFIA4;BAG2;HR;APBA1;ARL4A;S1PR1;EPHA4;RASSF2;CACNB2","C6_ONCO"
"CRX_DN.V1_DN",3.95523770654831e-05,0.000790629944568398,0.557332238758646,0.332717261291666,1.92625567775686,97,"MYOCD;PPP1R14A;COL4A2;EYA1;TNNC2;TUBB6;JAM3;TMOD1;PCOLCE;MYOZ1;COL16A1;SERPING1;SOCS3;SMOC2;FRMD6;PLOD2;TGM2;S100A6;TIMP1;TNFRSF12A;MAP3K8;OSMR;TMEM176A;S100A16;CDKN1A;EGR1;KLF10;GNG11;ATP8B2;JUNB;KSR1;CEBPB;PLEC;CEBPD;C1QC;TAGLN2;PLAT;NAB2;ANXA2","C6_ONCO"
"BMI1_DN.V1_DN",4.58442707851638e-05,0.000898778285082508,0.557332238758646,0.306946023161885,1.81820673623807,108,"TNNT1;PCP4;PDE5A;CLIP3;CES1;SSPN;PID1;LMO3;ZNF423;DOK5;GPX3;GAS7;MAOB;C1orf54;EFHD1;PLEKHA4;BST2;S100A4;PEG3;TCEAL2;DPYD;SH3BGRL;IFI27;PNMA8A;TMEM176B;TMEM176A;COL9A3;EGR1;ETV1;CYP11A1;SNAI1;TRPS1;ID4","C6_ONCO"
"E2F1_UP.V1_DN",0.00010069171770428,0.00173082663389731,0.538434096309916,0.259571002543637,1.67088317402702,171,"TGFB1I1;COL3A1;LAMA4;GFRA1;SYNPO;EBF1;TNXB;PDGFRA;CAVIN2;RUNX1T1;ALDH1A1;C3;PAK3;ACKR3;CYP1B1;VCAN;STOM;TCF4;NPR1;ZBTB20;A4GALT;TGM2;PLXND1;KLF2;IL1RL1;SLC35E4;GBP2;TGFB3;CCND2;PKD1;ADAMTS1;PLA2G4A;CCL2;CSF1;SEC23A;STAC;SNAI1;PTGS1;BCL6;RGS2;APBB2;TMEM45A;DAB2;GADD45A;IL6ST","C6_ONCO"
"PGF_UP.V1_DN",0.000124761455398116,0.00205654672685477,0.518848077743792,0.286100838518238,1.7455676721361,130,"NCAM1;MAP1A;IGFBP6;THY1;NFASC;SVEP1;ADH1B;LOXL1;SSTR2;SPTB;DAAM2;GYPC;EFNA5;MYL9;TMEM158;FZD7;CACNA1C;IGFBP5;S100A4;CTF1;GNAL;RIMS3;COL18A1;NPAS3;PDPN;PKD1;NPR2;CACNA1H;LY6E;ZNF185;PPFIA4;ENPP2;TNFSF12;ALOX5AP","C6_ONCO"
"KRAS.KIDNEY_UP.V1_DN",0.000126670198032042,0.00208024799816438,0.518848077743792,0.343475836062677,1.89573822318296,73,"ACTC1;CNN1;ITIH5;NES;TACR2;ASPN;TENM2;BMP4;EFHD1;TCF21;FOLR2;PTGER2;RYR2;ADAMTSL2;CBARP;THBD;KCND1;PHLDA3;MSC;CD14","C6_ONCO"
"KRAS.DF.V1_UP",0.000152263361295711,0.00243126063524344,0.518848077743792,0.253387096160417,1.63308207145392,179,"GREM1;INHBA;SMTN;AKAP12;SERPINE1;RRAD;COL6A3;IL13RA2;HS3ST3A1;GFPT2;LOXL2;PID1;TMEM158;VCAN;DPYSL2;EMP3;TRPC1;CALHM2;PROCR;SCG5;CLDN5;QPRT;EHBP1L1;SMARCD3;SPAG4;IL1RL1;CPVL;DPYD;SRPX;PDLIM2;IFI27;PDPN;DKK1;FADS2;LTBP3;RASIP1;GNG11;CDA;HSPA2;SRGN;BCL6;RGS2;CDKN2B;LGALS3BP;ASPH;SERPINB1;FAR2;MVP;ELK3;SUGCT","C6_ONCO"
"KRAS.PROSTATE_UP.V1_UP",0.000187652587502704,0.00289181365368993,0.518848077743792,0.333304428358813,1.86277402889997,79,"MYOC;SYNPO2;ZEB1;NXPH3;FABP3;NES;JAM2;FEZ1;RARRES2;FOXF2;POPDC2;ETV5;CFH;MMP17;ENG;REEP2;MMP11;DNM1","C6_ONCO"
"KRAS.LUNG.BREAST_UP.V1_DN",0.000206681581056627,0.00313763000428806,0.518848077743792,0.319405078778337,1.7821246222839,80,"KCNMB1;DPT;P2RX1;PDE3A;CD248;TRIM9;MXRA8;COL5A2;RARRES2;CXCL14;SYNDIG1;ACKR3;SCN7A;MYL9;OLFML2A;GDNF;CYP21A2;RYR1;SLC6A9;BDKRB1;PBX1;NYNRIN","C6_ONCO"
"SNF5_DN.V1_UP",0.000212187020042354,0.00320286398248442,0.518848077743792,0.267773172531848,1.66114018573945,142,"MEDAG;SFRP2;PLCE1;CAVIN3;FNDC1;ELN;PRRX2;C1R;ABI3BP;C1S;HAPLN2;VAMP5;COL15A1;FBLN1;CD93;SLC2A3;IER5L;MMP14;CORO1C;LAMB2;ARMH4;SRPX;TGFB3;EGR2;FNBP1;PLD4;AIF1;FYB1;GBP1;CSF1R;APOD;LGALS3BP;MSX1;KLHL42;C3AR1","C6_ONCO"
"STK33_DN",0.000231141916576675,0.00343421952958596,0.518848077743792,-0.335043377617054,-1.55565331661426,231,"GALNT12;LPAR3;KCNN2;DSG2;ANXA3;PPM1H;CRYBG1;FAM117B;GPT2;LINC00926;KBTBD11;C1orf115;LAMP3;GJB2;JPT2;ELMO3;SCD;PLS1;PLPP6;ZDHHC23;PSPH;ARMH1;FAM241A;SYTL1;CCDC125;DDAH1;ACP6;BSPRY;PIGW;PM20D2;RET;TRIT1;MFSD3;HES6;ZNF664;SLC37A4;UAP1L1;RETREG1;PCCB;WDR54;MAP3K21;MGAT4A;PCBD1;LGALSL;MAP4K1;ANPEP;BEX2;PDCD2L;ALCAM;PROSER1","C6_ONCO"
"VEGF_A_UP.V1_UP",0.000258177462302889,0.00376002847021998,0.49849310876659,0.256304715003588,1.61574032715874,154,"KCNMB1;LMOD1;THY1;TNNC2;CLIP3;MN1;MMP2;EMILIN1;MYL9;TAGLN;ZCCHC24;SPOCK3;MATN2;ECM1;PLTP;GLI1;JCAD;LCAT;TNS2;RGS3;ENO2;CABP1;COLQ;MTMR11;PKD1;CCL2;OPTN;CORO2B;GDF11;IL32;LY6E;PPFIA4;CLIP2;ENPP2;TNFSF12","C6_ONCO"
"KRAS.PROSTATE_UP.V1_DN",0.000265416729151666,0.00383595192088008,0.49849310876659,0.328567403380373,1.83629971186933,79,"PTGIS;RRAD;CNTFR;PTH1R;SOX10;ITGB1BP2;HBA2;ACKR3;MAOB;TAGLN;SOD3;IGFBP3;LUM;NDP;REEP1;FOXD2;CAMK1D;GPRASP1;CFI;CCR10;ACSS3;ENPP1;ADAM23;ABCB1","C6_ONCO"
"SINGH_KRAS_DEPENDENCY_SIGNATURE",0.000268557037219751,0.00386882950064337,0.49849310876659,-0.666552186129231,-1.96481434320268,16,"C1orf116;AMPD3;CLDN7;TMEM45B;LAD1;TGFA;PRSS22;ADAM8;MAOA;SH2D3A","C6_ONCO"
"KRAS.300_UP.V1_UP",0.000274793106533158,0.00392438905267666,0.49849310876659,0.326645293661448,1.86298788688126,87,"ITGBL1;PCP4;ATP1A2;FABP3;RCAN2;TFPI;SEMA3A;IL13RA2;KCNH2;RNASE1;LMO3;PDE2A;NAV3;ETV5;DYNC1I1;SCG5;A2M;MMP11;ANO1;PEG3;IL1RL1;HSD11B1;ADAM19;SCN1B;GPR4;PTX3;ETV1;DNM3","C6_ONCO"
"ATM_DN.V1_UP",0.000281760118453008,0.00401955527433554,0.49849310876659,0.326242613355147,1.85479764294849,85,"TNNC2;MYOM1;CNTFR;ITIH3;TNNT3;BCHE;ECM2;FSTL3;IGFBP4;CPA3;ABCA8;DYSF;PLTP;F13A1;GAB2;S100A3;CCR10;SPAG4;BDKRB1;PARVA;COL9A3;CLIC2;NGFR;NFIC;ENO3;CLIC5;FCGR2A","C6_ONCO"
"KRAS.BREAST_UP.V1_UP",0.000294539747003795,0.00416599281434503,0.49849310876659,0.34163958958723,1.87744845485419,72,"AKAP12;TFPI;PRRX1;IL13RA2;PDE2A;LIF;EFNA5;SAMD14;IGFBP3;SCG5;A2M;MGLL;NDUFA4L2;IL1B;IL1RL1;HSD11B1;CMKLR1;TMEM176A;KCNK15;COL9A3;CYB5R2;SOX17;CXCL2;STC1;FMO2","C6_ONCO"
"STK33_NOMO_DN",0.000414265256616929,0.00550677777928201,0.49849310876659,-0.33491092397345,-1.55008192351528,220,"GALNT12;CMTM8;DSG2;ANXA3;CRYBG1;SAMD13;FAM117B;GPT2;MTHFD2L;LINC00926;BIK;C1orf115;LAMP3;GJB2;SCD;PLS1;PLPP6;ZDHHC23;CD24;PSPH;SDK2;FAM241A;CKMT1A;DDAH1;BSPRY;PIGW;PM20D2;LGR4;ST14;RET;MFSD3;HES6;ZNF664;SLC37A4;SLAIN1;RETREG1;PCCB;CCR7;MAP3K21;MGAT4A;ATP6V1C2;PCBD1;IDNK;MAP4K1;ANPEP;BEX2;ALCAM;PROSER1;MANSC1;MOGS","C6_ONCO"
"AKT_UP.V1_UP",0.000421142569336706,0.00558140247141937,0.49849310876659,-0.366844551696104,-1.6210134622986,133,"MAL2;RUNDC3A;MSMO1;MFSD4A;PTPRJ;FAM3B;FABP5;SYT17;TESC;TOM1L1;TACSTD2;P2RX5;GPD2;MYO5B;SEC14L2;IL1R1;NKAIN1;MPZL2;JPT1;CCNG2;C3orf52;INSIG2;DHCR7;AK4;CLMN;TJP3;TRAF4;ADGRG1;ADAM10;SGPL1;DHCR24;TMCC3;IDI1;GOT1;NEU1;SH3BGRL2;LSS;SGSM3;GDE1;TPRN;PDZD11;LGMN;PON2;SLC6A14;SLC2A1;PDK3;GCH1;TFRC;BPGM;FDFT1","C6_ONCO"
"ATM_DN.V1_DN",0.000502194107485937,0.00639344717244104,0.477270815362862,0.319806661751376,1.8182071198956,85,"NTRK2;TCAP;SEMA3A;KCNQ4;F10;MRAS;CCL11;TAGLN;CFH;SRD5A2;MS4A2;NLGN3;GDNF;ACVRL1;NNAT;HAAO;IFI27;TEK;GPR68;CD14;CLEC3B;FCN1;FER;GPSM2;GPR65;ZFP36L1;RDX","C6_ONCO"
"BRCA1_DN.V1_UP",0.000543119492676214,0.00678413066582267,0.477270815362862,0.344837603707531,1.8514307444758,63,"SGCA;THBS2;RCN3;ZNF423;B3GALT2;GJA5;CILP;OSR2;LDB2;CHD5;SLC16A4;CD34;P3H3;TNC;HAAO;RNF122;CMKLR1;NLGN4Y;EXTL1;HOXB7;CDH13;APBB1","C6_ONCO"
"MYC_UP.V1_UP",0.000602869471335914,0.00738036527152951,0.477270815362862,-0.362627794019518,-1.62028945275137,148,"SLC27A2;SLC25A22;CCDC78;GP2;SLC19A1;P2RX5;NEFH;CALML4;CGREF1;SORD;DGAT2;SLC29A4;DGKD;CHKA;PUS1;CFAP70;TFB2M;ABCC4;PIGW;RPUSD4;EEF1E1;TMEM97;QSOX2;CDCA7L;PUS3;TWNK;PRMT3;CAPS;TSFM;HSPE1;FARSB;ZNF549;PRR7;METTL1;UNG;LYPD6;NOL6;GLS2;TGFBRAP1;DCTPP1;DENND2D;AGPAT3;NIP7;PUS7;PLD6;DCAF4;SPATC1L;MTERF3;REPIN1;UTP15","C6_ONCO"
"RPS14_DN.V1_UP",0.00071777333718947,0.00846321177737727,0.477270815362862,0.248840061432444,1.5927675891525,160,"FRY;RAB31;ACTA2;GNAZ;PID1;PMP2;BST1;CDC42EP3;ANXA6;CYP1B1;DCN;TGFBI;F13A1;EMP1;IL1B;PROM1;IGFBP7;NR4A3;RGL1;PTGDS;VWF;SH3BP5;SFXN3;CD14;LY96;GJA1;ZMAT3;CDKN1A;RHOB;CCL2;MNDA;AIF1;ELANE;NYNRIN;KCTD12;CRIM1;ENPP2;PDE4D;BCL6;MAF;CRTAM;GPNMB;C3AR1;IFI16;PTPRE;MX1;GPR183;CLEC7A;PTPRG;TYROBP","C6_ONCO"
"KRAS.BREAST_UP.V1_DN",0.00153498228988013,0.0155409627866932,0.45505986738723,0.286064748868367,1.63947974034352,88,"DPT;P2RX1;PDE3A;ADAMTS5;NFATC4;TRIM9;SLC8A1;COL5A2;NDNF;SERPING1;SYNDIG1;SCN7A;MYL9;EDIL3;NAALADL1;MYOM2;NPR1;TTYH1;CYP21A2;ELMO1;GJA4;PBX1","C6_ONCO"
"KRAS.300_UP.V1_DN",0.00201694389103351,0.0193067983337457,0.431707695803346,0.302418208218131,1.6691298091811,73,"CSDC2;DPT;P2RX1;HSPB8;SYNPO;RRAD;ACTG2;MXRA8;PODNL1;ACKR3;MYL9;EDIL3;TAGLN;OLFML2A;BST2;RYR2;CAMK1D","C6_ONCO"
"P53_DN.V1_UP",0.00289933937346095,0.0253128753072977,0.431707695803346,0.223302598731815,1.43504954131983,168,"SULF1;IGFBP6;COL3A1;PLCE1;CAND2;SLIT2;DMD;CLIP3;CDH11;NR2F1;COL1A2;LOXL1;LTBP1;RBP1;EFEMP1;EDIL3;BMP4;AXL;AMPH;TGFBI;OLFML2A;REEP2;NR2F2;FBLN2;PTN;LAMB2;LHFPL2;SLC16A2;UCHL1;AREG;IFI27;NDC80;CST6;DKK1;MEIS2;ZNF185;FHL2;CRIM1;CDH13;COL13A1;CNN3;APBB2;HDAC9","C6_ONCO"
"MTOR_UP.V1_UP",0.00293593373178148,0.0255314499654199,0.274717458595242,-0.354198704506862,-1.55290709454669,124,"PSAT1;STEAP1;BDH1;MSMO1;FAM3B;FABP5;SQLE;TESC;KIF9;USP18;PAFAH2;EEF1E1;NKAIN1;JPT1;TMEM97;ELF5;DHCR7;AK4;SC5D;DUOXA1;GGACT;HSPE1;DHCR24;IDI1;CMBL;NIPSNAP3A;TARS2;HMGCS1;LSS;RIOX2;OAS2;CCDC86;PCNA;RRM2;GSS;CDK1;RANBP9;SLC2A1;GCH1;TFRC;FDFT1;COA7;COMTD1;PPAN;ABCA2;LTV1;COQ4;CYP51A1;PREP;ERN1","C6_ONCO"
"RB_P107_DN.V1_DN",0.00307724957555178,0.0264137232025828,0.269842314478839,-0.36568179135287,-1.58086307497382,111,"LPAR3;BDH1;RHOU;GJB2;SCD;SYTL1;PLEKHA7;PHF8;UBA5;SPG11;PPA2;NSUN2;APTX;GALNT11;IDNK;COA5;SAR1B;PIK3R4;PAFAH1B3;BCCIP;LPCAT3;UNC119B;CBR4;BSDC1;PDCD6;MOGS;GSTA4;RDH11;PEX3;ACP5;NIPSNAP1;COASY;UBE3B;SLIRP;EFL1;POLR3G;ERCC3;PGD;ARL1;CCDC90B;BLCAP;LPGAT1;S100A8;AP3D1;HSD17B12;LACTB2;RBM8A;COG6","C6_ONCO"
"ATF2_UP.V1_UP",0.00313926918427674,0.0269286307438315,0.431707695803346,0.245679666203984,1.47134993895226,119,"ITGA8;PCP4;NES;ISLR;TRIM9;SH3BGR;VIPR2;PTGER1;SCUBE3;RBP1;ASPN;EFHD1;DENND2A;DNAJC15;REEP2;GNA14;S100A4;NRXN2;NNAT;LYPD1;CORO2B;IL32;UPP1;STAT5A;APBA1;STRA6;APOD","C6_ONCO"
"IL21_UP.V1_DN",0.00390747517214864,0.0317314757699056,0.407017918923954,0.252042614545149,1.4929842545748,108,"PRKG1;LMOD1;PCP4;PDE3A;TINAGL1;NRXN1;MYLK;PCDH9;EFNA5;SCN7A;TIMP3;NACAD;JCAD;CACNA2D3;ADGRL4;KDR;NDP;GDNF;SLC16A2;PTGDS;CYP46A1;PROX1;CMKLR1;PDE1C;MEOX2","C6_ONCO"
"KRAS.LUNG.BREAST_UP.V1_UP",0.00566080189998672,0.0421002287208328,0.407017918923954,0.27422929267449,1.54899223664547,83,"LDB3;INHBA;IL13RA2;RNASE1;PDE2A;GYPC;LIF;NAV3;SEMA3B;IGFBP3;SCG5;A2M;MGLL;IL1RL1;HSD11B1;ADAM19;GPR4;CMKLR1;KCNK15","C6_ONCO"
"LTE2_UP.V1_UP",0.00759597618558817,0.0524866905044839,0.167658528065765,-0.31673610174214,-1.43905693502439,176,"RLN2;GALNT12;HMGCS2;DSC2;GCNT1;UNC13B;SERHL2;PIGH;GOLM1;EPN3;C1orf115;CEMIP;SYT17;SORD;APPL2;SOAT1;CSGALNACT1;RRAGD;AQP3;IL1R1;GCLM;SLC2A10;ELF5;INSIG2;CLMN;ENOSF1;DHRS7;EPS8L1;FAM117A;MGAT4A;RAB27A;GSTZ1;MMP9;ASRGL1;LRP8;ECI2;TFPT;TST;RAB4A;MAOA;TMC6;PPFIA3;PLPP2;MRPL13;GLTP;HMGCS1;NUDT4;MAP3K5;CYFIP2;KIF13B","C6_ONCO"
"HINATA_NFKB_IMMU_INF",0.00818260120585702,0.055583810241529,0.335068558717014,0.542073976221929,1.83312092140314,13,"IL1B;PTX3;CXCL2;ICAM1;CXCL3;NFKBIA;NFKB1;TNFAIP2;OLR1;CD83;RELA;IRF1;CXCL8","C6_ONCO"
"AKT_UP_MTOR_DN.V1_DN",0.00979439537297763,0.063943409792154,0.380730400722792,0.224588695691031,1.4182129945521,153,"FXYD1;DPT;CHRDL1;OGN;TNNC2;FBN1;CAP2;NID1;CD248;SH3BGR;COL5A2;PPP1R3C;C1R;HIC1;STAB1;S1PR3;EFEMP1;PLPP3;VCAN;CAV2;GNA14;PROM1;TSPAN4;SMARCD3;GALNT16;ITSN1;DPYD;FKBP10;CD200;GAS1","C6_ONCO"
"RAPA_EARLY_UP.V1_DN",0.0100351071826287,0.0651618204269368,0.380730400722792,0.225091988345885,1.38268673947265,136,"FXYD1;MAP1A;PRELP;AOC3;NR2F1;CNKSR2;PHYHIP;COL10A1;F10;SOX10;ALDH1B1;PLPP3;ENG;AXL;CRMP1;IGFBP3;WFS1;TSPAN4;PLXND1;PLEKHO2;MET;HAAO;IFI27;LMNA;SLC49A3","C6_ONCO"
"KRAS.50_UP.V1_UP",0.0106848846968217,0.0681129277955641,0.380730400722792,0.366472703453709,1.63804289431078,32,"FABP3;IL13RA2;LMO3;ETV5;DYNC1I1;SCG5;A2M;MMP11;PEG3;IL1RL1;HSD11B1","C6_ONCO"
"MYC_UP.V1_DN",0.0110663541780519,0.0701100099207796,0.380730400722792,0.22822836077151,1.40001884899832,134,"PODN;MN1;MEG3;SPTB;NID2;PAK3;TUBA1A;MGARP;C1orf54;HEG1;TGM2;PLEKHG2;HOXB2;PRRT2;PLK5;SAMD9;DEPP1;SPNS3;MTMR11;SYNE3;KLF12;NYNRIN;PDZD2;CLIP2;KATNAL1;BCO2;FGD6;NGFR;HIP1;MICAL1;SRGAP2B;WNT9A;PCDHB4;SERPINB1;PTPRE;GPRC5A;SLITRK6;GRID1;PLEKHA2;RNF152;DUSP18;SLC6A1;PLAT;PDK2","C6_ONCO"
"MTOR_UP.N4.V1_UP",0.0121212121212121,0.0746826704985701,0.132308522605383,-0.311228169379744,-1.41158634920747,173,"ARG2;MIPEP;MSMO1;ANXA3;SLC7A11;VPS54;IDH1;PLS1;TMEM135;SLC31A1;CALML4;PSPH;BNIP3;GFPT1;GLRX2;BSPRY;SQOR;PCCA;ACACA;PTS;COQ2;ASPHD1;NANS;DHCR7;EAF2;MGAT4A;PYCR1;TUBB2A;SAR1B;TFPT;YRDC;ETNK1;MRPL58;GTF2E2;GOT1;CCDC86;TRIB3;HYAL3;PDHX;E2F5;LARS2;PHGDH;VEGFA;SLC39A4;ADAM9;COASY;LGMN;GALK2;PAK1IP1;POLR3G","C6_ONCO"
"RELA_DN.V1_UP",0.0150893434642728,0.0876716654677806,0.380730400722792,0.24344346246863,1.44335320186654,107,"PRKG1;PDE5A;FGF2;KCNQ4;NOVA1;GAS7;DYSF;ATP2A1;SCG5;FHL5;IL1B;CTF1;THBD;TNC;GADD45B;FOSB;AGPAT4;DEPP1;MTMR11;CCL2;EGR1;KLF10;SNAI1;FOSL1;DUSP8;CDKN2B;NFIC;FOS;JUNB;BIN1;CYP26B1;VEGFB;ZFP36L1;GPR183","C6_ONCO"
"LEF1_UP.V1_DN",0.0160272981077448,0.0911629964901038,0.115167141009445,-0.312565230428956,-1.40313334125613,156,"GALNT12;ATP8A1;MYRIP;RAB27B;PRR15L;CYP2J2;CRYBG1;RAB26;FOXA1;C1orf115;AP1M2;RBM47;RAB25;TMEM135;TSPAN8;DPP4;CCL20;SLC44A4;USP18;ALDH5A1;TMEM144;TFF1;PRSS8;HOXB13;KIAA0319L;ELL3;RETREG1;DAPK1;TSPAN1;OAS1;DECR1;IL17RB;ALCAM;HERC6;OAS3;MANSC1;AGR2;IL20RA;CDK3;FPGT;TRPM4;EFNB2;ENC1;DYNC2LI1;TMEM14A;GDE1;DMXL2;TMED3","C6_ONCO"
"MEK_UP.V1_DN",0.0176161532914392,0.0973539854244581,0.10954123067857,-0.30823651807243,-1.39184617557892,165,"TTC39A;KIF5C;GREB1;OXSM;PSPH;TFPI2;USP18;F12;ATP8B1;LRIG1;RNF43;ARMCX5;MINPP1;INSIG2;ANGEL2;ELOVL5;DCAF6;METTL3;OAS1;PRMT3;ZNF140;ALG13;IFT57;TRIM14;BLNK;NDUFAF1;FASTKD1;HERC6;SNX10;CBR4;CASP8;OAS3;FKTN;GNL2;MYB;OAS2;PRELID3B;UBA3;KCTD3;SATB2;RAB29;SHTN1;PTER;NGLY1;POT1;RPRD1A;ACTR6;MTIF2;SLC6A14;POLI","C6_ONCO"
"ERBB2_UP.V1_DN",0.0178461538461538,0.0982613531047266,0.108573492628993,-0.303610281138276,-1.38131739099711,179,"TTC39A;ANXA3;KIF5C;SLC7A2;GREB1;TVP23B;STIL;PSPH;TFPI2;RMI1;ATP8B1;CASP6;RTCA;PUS1;LRIG1;ARMCX5;FLNB;PLA2G12A;ERI2;RRN3;OAS1;PRMT3;MRPL19;ALG13;IFT57;TRMT61B;FASTKD1;HERC6;CBR4;MAD2L1;FKTN;GNL2;MYB;OAS2;PRELID3B;ATR;KCTD3;NRCAM;MSH2;RPRD1A;ADAM9;ACTR6;MED17;PAK1IP1;MTIF2;HS2ST1;SLC6A14;MTERF3;POLI;AGL","C6_ONCO"
"NOTCH_DN.V1_UP",0.0184180268620907,0.10078204376684,0.352487857583619,0.230129219137682,1.39323214375684,124,"PRKG1;DPT;COL4A1;ANGPTL7;TGFB1I1;RRAD;MN1;TNS1;CAVIN2;KCNH2;NPTX1;ATP1B2;LMO3;DAAM2;AMPH;GDNF;CDKL1;CTF1;P3H3;KCND1;STARD8;ADAMTS1;CDKN1A;NYNRIN;GNG11;FYB1;TMEM59L;FKBP9;RGS2","C6_ONCO"
"IL2_UP.V1_DN",0.0188284126555317,0.102081125343599,0.352487857583619,0.227285932796863,1.38742404741827,128,"PRKG1;RASL12;EYA1;ISL1;MYLK;TNNT3;PCSK5;FZD2;PAK3;NACAD;PLCL1;JCAD;GUCY1A2;PROM1;CAMK1G;CD34;SNPH;MEOX1;CDKN1C;GDF5;COLQ;TEK;CYP46A1;JCHAIN;SNAI2;PDE1C;PBX1;TMEM140;NUAK1;RGS2;PBXIP1","C6_ONCO"
"WNT_UP.V1_UP",0.0217880950625211,0.111791569440028,0.352487857583619,0.227067968276373,1.36009041565556,114,"TGFB1I1;RBPMS;ISLR;POSTN;MYOM1;PPP1R3C;MFAP2;HTRA3;RNF112;PLAC9;CKMT2;RSPO1;SERPINF1;COL4A4;CRMP1;GLI1;F2R;A4GALT;LCAT","C6_ONCO"
"KRAS.LUNG_UP.V1_UP",0.0250484392718287,0.124332196879979,0.352487857583619,0.236851326779597,1.35743027851123,88,"LDB3;INHBA;FABP3;NES;IL13RA2;HS3ST3A1;NDNF;RNASE1;NAV3;TMEM158;SCG5;ANO1;PCDH17;IL1RL1;HSD11B1;RGS4;TMEM176B;KCNA5;ABCB1;NGF","C6_ONCO"
"ERBB2_UP.V1_UP",0.0252904287036085,0.125251887746235,0.0909392279226991,-0.300449712816146,-1.36098475024677,171,"GALNT12;VIPR1;BMPR1B;SERHL2;PLEKHB1;C1orf115;CEMIP;SCCPDH;PCSK1N;APLP1;FAM174B;SPTBN2;KCNN4;CSGALNACT1;ABCG1;SOX9;RRAGD;AQP3;MALL;IL1R1;TTC9;CXADR;SLC2A10;MPZL2;APH1B;TNFRSF21;CLMN;GDF15;TSPAN1;MGAT4A;FMO5;DHRS7B;CAPN5;MIA3;PLPP1;MAOA;PLPP2;EPB41L4A;UPK1A;MPI;PDE4B;PCDH1;DUSP4","C6_ONCO"
"RAF_UP.V1_DN",0.0267912133032232,0.130107713414297,0.0882143061853503,-0.297206040184219,-1.35032416862424,176,"EPB41L4B;FAM234B;TTC39A;ELOVL2;ABAT;CRYBG1;SIDT1;SLC7A2;GREB1;PCSK6;FANCF;PLS1;SHROOM2;TFF3;NEDD4L;BAMBI;GPD2;TFAP2A;DNAJC12;TFF1;SOX9;UGDH;TMEM268;LRIG1;PPM1E;MINPP1;IRX5;TBC1D30;AK4;RRN3;ADGRG1;FRAT2;SLC16A1;CBFA2T3;IFT57;KDM6A;MYO10;ALCAM;THADA;AGR2;CELSR2;SNAP23;MYB;EFNB2;DLG5;SLC39A8;SATB2","C6_ONCO"
"CYCLIN_D1_UP.V1_UP",0.0272650610936944,0.131704031831767,0.352487857583619,0.217766964062325,1.3461723410264,141,"SGCA;S100B;COL4A2;MASP1;THY1;SMTN;RAB31;BMP1;PDE2A;HSPG2;HBA2;GGT5;TAGLN;RRAS;SLC12A4;ZYX;TGFB1;CTF1;SHC3;THBD;MSN;SLC6A9","C6_ONCO"
"CTIP_DN.V1_DN",0.0279868834609715,0.134241684743312,0.352487857583619,0.24161495363714,1.37802607491998,87,"MYOT;ABI3BP;KCTD17;SYNDIG1;LRRC32;MAOB;TRPC6;AMPH;OLFML2A;REEP2;NRIP2;NLGN3;ANO1;PTGIR;CTF1;CDKN1C;CMKLR1;IGSF9B;SACS;CYBRD1;CX3CL1;PTGS1;HIP1;APBA1;ABLIM2","C6_ONCO"
"ATF2_S_UP.V1_UP",0.0342487208938081,0.153137077599743,0.0784040413719235,-0.308431135226716,-1.36289613702298,133,"SLC9A2;NIPAL3;SLC13A3;ADRB2;GRHL2;ANXA3;PPM1H;CRYBG1;C1orf115;FANCF;DBNDD1;PCSK1N;CD24;PRKCD;VPREB3;CENPU;FOXJ1;ODAM;OVOL1;RELN;CHCHD7;MON1B;SPDEF;SCIN;ITGA6;IL17RB;UNG;SLC25A51;IL20RA;DECR2;EFNB2;RDH16;SATB2;USP9Y;CTNNBIP1;CEP41","C6_ONCO"
"PKCA_DN.V1_UP",0.0350577169730654,0.155547346181465,0.0784040413719235,-0.325121592865517,-1.38826789767824,100,"SLC27A2;LPAR3;SMPD3;SLC23A1;PASK;NRG4;DBNDD1;TMEM135;SLC7A8;FBP1;CASP6;SEC14L2;PHKA1;TTI1;TPMT;PLXNA3;ENPP3;RETSAT;SLC23A2;OAS3;GSTA4;OAS2;RDH16;DHRS1;CMTR2;SHISA2;YJEFN3;PPP6R2","C6_ONCO"
"TBK1.DF_UP",0.0360387643852211,0.158469595816676,0.0750347375750997,-0.274403802086258,-1.28572559966966,264,"RLN2;GALNT12;TRIM36;STEAP1;SMCO4;EPB41L4B;SLC37A1;PASK;PTK6;IGSF3;CHGB;SPOCK1;P2RX5;ZC3H12A;SLC39A6;SLC35A2;ATP11B;LIPT1;EFNA1;NETO2;IL1R1;LRP12;MINPP1;NFYA;SLC2A10;TUFT1;C3orf52;TGFA;CASP7;TMEM41B;ADAM8;ZDHHC6;ATPAF2;ADGRG1;CNNM4;MMP9;TUBB2A;ANPEP;IFT57;MRPL58;ACYP1;LPXN;SNX10;PLPP2;NT5C2;AVL9;SNAP23;TIMP4;NUDT4;UBA3","C6_ONCO"
"CAMP_UP.V1_DN",0.036518027015316,0.159885501167487,0.321775918075361,0.189994714461614,1.21499842611849,182,"SYT11;AKAP12;SVEP1;RRAD;FRY;RAB31;PLS3;DPYSL3;ATP2B4;PALLD;UBE2QL1;GEM;TIMP2;THSD7A;PAK3;TRPC1;SLC2A3;SCG5;IGFBP5;PHLDB1;PAM;ENO2;ITSN1;RASD2;CELF2;FOSB;CCND2;DST","C6_ONCO"
"TBK1.DF_DN",0.0409769882922891,0.173615097774203,0.0701763259905319,-0.270774527016831,-1.27124402285084,274,"GALNT3;FAM234B;BDH1;GALNT7;RIDA;FNBP1L;SLC22A5;HOOK1;CASP6;DSC3;NLK;MYO6;RCC1;CXADR;CCNG2;SLC37A4;GEMIN4;INSIG2;UBXN8;P3H2;ALDH9A1;ERLIN2;TTI1;RRN3;AP1AR;GALNT11;ADAM10;HIPK2;MRPS33;SCARB1;ZWINT;PCBD1;PPCS;BPHL;ETNK1;CD2AP;PAFAH1B3;MAOA;RCBTB1;ODF2;ZKSCAN1;SEPHS2;DNAJC16;SRPRA;HMGCS1;RIOX2;KCTD3;EXPH5;SLC39A8;IMPACT","C6_ONCO"
"PRC1_BMI_UP.V1_DN",0.041101740151596,0.174032384098755,0.0721460585392844,-0.319144533962074,-1.36897884744493,104,"FGFR3;ATP8A2;MTHFS;KBTBD11;CCL18;PSD4;TSPAN12;OVOL2;SDK2;SPTBN2;EPHX2;CACNA2D2;FOXJ1;PRSS8;SPINT1;ARSD;LRP12;MON1B;AP1G2;EVPL;CARD14;FBXL8;PRRG2;UPK1A;TRPM4;L2HGDH;APOBEC3F;E2F5","C6_ONCO"
"P53_DN.V2_DN",0.0420220000233287,0.177024019805841,0.321775918075361,0.231092600033701,1.3477218310497,99,"IGFBP6;EYA1;TNNC2;KCNJ8;TINAGL1;SSTR2;SERPING1;MMP16;IGFBP4;SERPINF1;NRXN3;EPHA7;SNPH;HOXA11;PTGDS;RECK;ENPEP;NDC80;CFD;PGF;SNAI1","C6_ONCO"
"PRC2_EZH2_UP.V1_DN",0.0430379746835443,0.180158647656669,0.354819512103747,0.208403237987654,1.27739001957846,137,"ACTC1;SYT11;PLN;LMOD1;SULF1;THBS2;ADAMTS5;SLC8A1;OLFML2B;GJC2;CAMK4;PEAK1;LRRC32;CPEB1","C6_ONCO"
"WNT_UP.V1_DN",0.0462776659959759,0.189295650445885,0.303779434551183,0.215286976016102,1.2944799310608,121,"SYT11;CASQ2;IGFBP6;ACKR1;PPP1R1A;F10;CNTN1;GPX3;DIO2;TBXA2R;C16orf89;TGFBR3;CD93;FZD7;PCDH7;VIM;THBD;MET;ADAM19;KCND1","C6_ONCO"
"PKCA_DN.V1_DN",0.0495412844036697,0.199272335904624,0.279865652661932,0.209022007995056,1.25199882613623,114,"CA3;SLIT3;KANK2;HS3ST3A1;CYGB;PDGFRB;ABI3BP;TNNI2;ZEB2;COCH;CFH;PROCR;TRPV2;PRKCA;RHOJ;PDGFC;TNFRSF12A;MSC;CP;SHF;CFD;DLG4","C6_ONCO"
"GCNP_SHH_UP_EARLY.V1_UP",0.0496270203066722,0.199486472588513,0.0643556552289972,-0.295462548781401,-1.31937957203578,147,"NCAM2;RHPN2;EPB41L4B;ELOVL2;KIF1A;IRF6;ARHGAP8;TMPRSS2;GNL3;OXSM;FEN1;DOLPP1;CXorf38;SLC35E1;MRPL50;INTS7;GGPS1;SLC23A2;HMGCL;MYB;CKS2;RNF103;OXNAD1;VHL;UQCC1;UBE2T;LUC7L2;SRSF1;DCAF1;FBXO45;VPS4B;RLIM;TIA1;ADCY6;DHODH;MRPL9;NUP107;CDC23;ABCB10;GTF2H1;AZIN1;MBTD1;FIP1L1;NVL;DCPS;RRM1;LATS1;MTA1;PARG;ATF1","C6_ONCO"
"ESC_J1_UP_EARLY.V1_DN",0.0508474576271186,0.202030363839492,0.34452128726268,0.202278516018888,1.26782482972188,148,"ACTA1;PTGIS;CNN1;LIMS2;SERPINE1;PPP1R1A;BMP1;MRAS;MYL9;TAGLN;SOCS3;BMP4;LPP;IGFBP3;GNA14;NINJ2;SLC16A2;TNFRSF12A;GBP2;VWA5A;ID3;EGR1;TRPS1;ADAM23;GBP1;ARHGEF10L;SYT12;ADAP2;JUNB;ZFP36L1;PPP2R3A;CEBPD;RAMP1","C6_ONCO"
"CSR_EARLY_UP.V1_DN",0.0521042084168337,0.20576194104538,0.285313392143872,0.213660203920368,1.27528402339759,118,"SULF1;COL1A1;PDE5A;GFRA1;CAVIN2;NDNF;ADAMTSL4;FZD2;ALDH1A1;SLC16A7;DAAM2;HSPG2;ALDH1L2;ASPA;SNPH;PRRT2;GDF5;LRRK2;C14orf132;ARL4D;NYNRIN;PAPLN","C6_ONCO"
"ALK_DN.V1_UP",0.0535475234270415,0.209835992897274,0.229089382980959,0.222524448057948,1.26914533688817,87,"CA3;FAP;OLFML3;BDKRB2;TBX2;BST1;VSTM4;MRAS;MLC1;RRAS;CH25H;NNAT;GDF5;ANGPT2;SLC6A9;ETV1;AIF1;NTRK1;ENPP2;FAM110D","C6_ONCO"
"CAHOY_NEURONAL",0.0536813312058354,0.210298162125609,0.0649277319696751,-0.369961058196989,-1.41428625007088,50,"CPNE4;SYT13;PPFIA2;MAL2;SLC25A22;SIDT1;CAMK2B;CKMT1A;MYO5B;CLSTN2;HS3ST2;HSD17B4;NSF","C6_ONCO"
"NRL_DN.V1_DN",0.0551181102362205,0.213839266453566,0.245188063659135,0.214123103960431,1.26644905844374,104,"MYOCD;ABCC9;EYA1;MOXD1;ADGRA2;JAM3;CLIC4;DIXDC1;DYSF;TMEM158;ATP2A1;SOCS3;BST2;PLEKHH2;GSDME;QSOX1;PECAM1;C14orf132;CCL2;PDE1C;RASGRF2","C6_ONCO"
"RELA_DN.V1_DN",0.0609452736318408,0.2283595452199,0.206652311234449,0.228251953733768,1.27353462377363,80,"MYOC;SEMA3A;MYOM1;L1CAM;RBP1;SRPX2;MMP16;C7;NRXN3;MYOM2;DNAJC15;CH25H;PTN;NNAT;GDF5","C6_ONCO"
"CRX_NRL_DN.V1_DN",0.0611372381359555,0.228690830642961,0.0585987461758163,-0.31190190218686,-1.33181987149621,100,"CITED1;ELOVL7;ADRB2;RAB27B;ELOVL2;NECTIN3;MFSD4A;INHBB;KIF5C;NSG1;GREB1;CAMK2B;WWC1;ADAT2;BAMBI;BSPRY;FZD5;SPINT1;CTBS;RGL3;TMEM87A;GGACT;RNF149;ZNF146;HS3ST1;SLC25A51;ENC1;RIOX2","C6_ONCO"
"CRX_DN.V1_UP",0.064405324173465,0.235921437609434,0.0571289261785879,-0.313764579818129,-1.32800250507856,94,"ARG2;GRTP1;BICDL1;PDIA5;CLDN7;REEP6;RHPN1;FAAH;LLGL2;CKMT1A;SH3YL1;PAQR4;CLTRN;NAT1;PACRG;TTC39C;CABP4;POLG2;STK35;TMEM218;FAIM;PLPP2;AGR2","C6_ONCO"
